<?xml version="1.0" encoding="UTF-8"?>
<project-private xmlns="http://www.netbeans.org/ns/project-private/1">
    <editor-bookmarks xmlns="http://www.netbeans.org/ns/editor-bookmarks/2" lastBookmarkId="0"/>
    <open-files xmlns="http://www.netbeans.org/ns/projectui-open-files/2">
        <group>
            <file>file:/C:/Users/20161bsi0349/Documents/NetBeansProjects/PedidoFlyWeight/src/MainPadrao.java</file>
            <file>file:/C:/Users/20161bsi0349/Documents/NetBeansProjects/PedidoFlyWeight/src/Pedido.java</file>
            <file>file:/C:/Users/20161bsi0349/Documents/NetBeansProjects/PedidoFlyWeight/src/MainFW.java</file>
            <file>file:/C:/Users/20161bsi0349/Documents/NetBeansProjects/PedidoFlyWeight/src/FlyweightStatusItem.java</file>
            <file>file:/C:/Users/20161bsi0349/Documents/NetBeansProjects/PedidoFlyWeight/src/StatusItem.java</file>
        </group>
    </open-files>
</project-private>
